location	number	context
P0009	460	เป็นส่วนหนึ่งของรายวิชา 460-401 การจัดการเชิงกลยุทธ์
P0010	1	ภาคเรียนที่ 1 ปีการศึกษา 2569
P0010	2569	ภาคเรียนที่ 1 ปีการศึกษา 2569
P0013	460	รายงานฉบับนี้เป็นส่วนหนึ่งของรายวิชา 460-401 การจัดการเชิงกลยุทธ์ (Strategic Management) โดยม
P0013	5	าภรณ์ จำกัด (มหาชน) ซึ่งจะมีการวางแผนระยะยาว 5 ปี โดยจะมีการศึกษาประวัติ วิสัยทัศน์ พันธกิจ
P0020	1	1.บทสรุปผู้บริหาร
P0021	71.49	ินเตอร์เนชั่นแนล จำกัด (มหาชน) คิดเป็นร้อยละ 71.49 ของยอดขาย และส่งออกไปยังสหรัฐอเมริกา ยุโรป แ
P0021	28.51	ังสหรัฐอเมริกา ยุโรป และเอเชีย คิดเป็นร้อยละ 28.51 นอกจากนี้ บริษัทฯ มุ่งมั่นดำเนินธุรกิจตามหลั
P0021	5	ี DRY TECH และผลิตภัณฑ์ฉลากประหยัดไฟฟ้าเบอร์ 5/Cool Mode ซึ่งสร้างยอดขายกลุ่มสินค้านวัตกรรม
P0021	158.64	่งสร้างยอดขายกลุ่มสินค้านวัตกรรมรักษ์โลกกว่า 158.64 ล้านบาท (คิดเป็นร้อยละ 23.77 ของยอดขาย) จากผ
P0021	23.77	รมรักษ์โลกกว่า 158.64 ล้านบาท (คิดเป็นร้อยละ 23.77 ของยอดขาย) จากผลกระทบเชิงโครงสร้างของอุตสาหก
P0021	2568	อย่างสหรัฐอเมริกา ส่งผลให้ผลการดำเนินงานในปี 2568 บริษัทฯ มียอดขายสุทธิ 605.20 ล้านบาท และมีผล
P0021	605.20	ลการดำเนินงานในปี 2568 บริษัทฯ มียอดขายสุทธิ 605.20 ล้านบาท และมีผลขาดทุนสุทธิ 5.57 ล้านบาท ทางบ
P0021	5.57	อดขายสุทธิ 605.20 ล้านบาท และมีผลขาดทุนสุทธิ 5.57 ล้านบาท ทางบริษัทฯ จึงได้จัดทำแผนกลยุทธ์ยกระ
P0021	4	คลื่อนรายได้รวมให้เติบโตเฉลี่ยที่อัตราร้อยละ 4–5 ต่อปี เพื่อฟื้นฟูอัตราการทำกำไร สร้างผลตอบ
P0021	5	ื่อนรายได้รวมให้เติบโตเฉลี่ยที่อัตราร้อยละ 4–5 ต่อปี เพื่อฟื้นฟูอัตราการทำกำไร สร้างผลตอบแท
P0023	2	2. สถานการณ์ปัจจุบัน
P0024	2.1	2.1 ประวัติองค์กร
P0025	2523	ประชาอาภรณ์ จำกัด เริ่มดำเนินธุรกิจในปี พ.ศ. 2523 โดยเป็นผู้ผลิตเสื้อผ้าสำเร็จรูปหลากหลายประเภ
P0025	2531	ะเบียนในตลาดหลักทรัพย์แห่งประเทศไทยในปี พ.ศ. 2531 และเปลี่ยนมาใช้ชื่อปัจจุบันในปี พ.ศ. 2537 โด
P0025	2537	ศ. 2531 และเปลี่ยนมาใช้ชื่อปัจจุบันในปี พ.ศ. 2537 โดยปัจจุบันมีทุนจดทะเบียน 96 ล้านบาท บริษัทไ
P0025	96	ุบันในปี พ.ศ. 2537 โดยปัจจุบันมีทุนจดทะเบียน 96 ล้านบาท บริษัทได้ขยายฐานการผลิตจากกรุงเทพฯ ไ
P0026	2.2	<<IMAGE>> 2.2 โครงสร้างองค์กร
P0033	2.3	2.3 คณะกรรมการบริหาร
P0047	2.4	2.4 วิสัยทัศน์ พันธกิจ วัตถุประสงค์
P0048	2.4	2.4.1 วิสัยทัศน์ (Vision)
P0050	2.4	2.4.2 พันธกิจ (Mission)
P0059	2.4	2.4.3 วัตถุประสงค์ (Objectives)
P0060	4	ห้อัตราการเติบโตของรายได้เฉลี่ยอยู่ที่ร้อยละ 4–5 ต่อปี
P0060	5	อัตราการเติบโตของรายได้เฉลี่ยอยู่ที่ร้อยละ 4–5 ต่อปี
P0064	2.5	2.5 กลยุทธ์ปัจจุบัน
P0069	2.6	2.6 ผลประกอบการที่ผ่านมา
P0071	2565	<<IMAGE>> ข้อมูลปีงบประมาณ 2565-2569
P0081	2565	<<IMAGE>> ข้อมูลปีงบประมาณ 2565-2569
P0086	3	3. การวิเคราะห์สภาพแวดล้อมเชิงกลยุทธ์
P0087	3.1	3.1 การวิเคราะห์สภาพแวดล้อมภายนอก
P0088	3.1	3.1.1 การวิเคราะห์สภาพแวดล้อมภายนอกทั่วไป (STEEP)
P0089	2569	ังคมและวัฒนธรรม (Social) ผู้บริโภคชาวไทยในปี 2569 เข้าสู่ยุค "SmartSumer" ที่เน้นความคุ้มค่าเพ
P0089	2569	ช่องทางออนไลน์ (สถาบันพัฒนาอุตสาหกรรมสิ่งทอ, 2569)
P0090	2026	เทคโนโลยี (Technological) ในปี 2026 นวัตกรรมสิ่งทอเน้นตอบโจทย์ความยั่งยืนและประสิทธิภาพ โดยวัส
P0090	9.61	ทออัจฉริยะเติบโตสู่ระบบ 'Ultra Smart' มูลค่า 9.61 พันล้านดอลลาร์ ซึ่งผสาน IoT ทำให้เนื้อผ้าสาม
P0090	3	ี นอกจากนี้ แบรนด์แฟชั่นยังนำ AI และการพิมพ์ 3 มิติ มาช่วยออกแบบและสร้างต้นแบบ เพื่อลดปริมา
P0090	2026	ะยะเวลาการผลิตอย่างมีประสิทธิภาพ (Heuritech, 2026)
P0091	46.1%	ขันอย่างรุนแรง โดยกำลังการผลิตลดลงเหลือเพียง 46.1% และแม้การส่งออกจะเริ่มฟื้นตัว แต่ตลาดในประเท
P0091	0.5%	่งผลให้ส่วนแบ่งตลาดโลกของไทยหดตัวเหลือไม่ถึง 0.5% ซึ่งเมื่อผนวกกับความผันผวนของต้นทุนวัตถุดิบจ
P0091	2569	ของต้นทุนวัตถุดิบจากสงครามการค้า ยิ่งทำให้ปี 2569 เป็นปีที่อุตสาหกรรมสิ่งทอไทยต้องเผชิญกับความ
P0091	2569	อย่างหนักเพื่อความอยู่รอด (Bangkok Bank SME, 2569)
P0092	10%	รงแบบครบวงจร โดยปล่อยก๊าซคาร์บอนไดออกไซด์ถึง 10% ของโลก ซึ่งสูงกว่าการปล่อยก๊าซจากเที่ยวบินระ
P0092	2	ือรวมกัน อีกทั้งยังผลาญทรัพยากรน้ำเป็นอันดับ 2 ของโลก นอกจากนี้ กระบวนการย้อมสีผ้ายังปล่อยน
P0092	2	ู่แหล่งน้ำธรรมชาติจนก่อมลพิษทางน้ำเป็นอันดับ 2 ของโลก ขณะเดียวกันปัญหาขยะก็ทวีความรุนแรง เน
P0092	85%	ทวีความรุนแรง เนื่องจากสิ่งทอที่ผลิตออกมาถึง 85% จะกลายสภาพเป็นขยะและถูกนำไปทิ้งตามบ่อขยะในแต
P0092	5	ล่อยไมโครไฟเบอร์ลงสู่มหาสมุทรปริมาณมหาศาลถึง 5 แสนตันต่อปี หรือเทียบเท่าขวดพลาสติก 5 หมื่นล
P0092	5	ศาลถึง 5 แสนตันต่อปี หรือเทียบเท่าขวดพลาสติก 5 หมื่นล้านขวด ซึ่งคิดเป็นสัดส่วนถึง 35% ของปร
P0092	35%	พลาสติก 5 หมื่นล้านขวด ซึ่งคิดเป็นสัดส่วนถึง 35% ของปริมาณไมโครพลาสติกทั้งหมดที่ปนเปื้อนในทะเ
P0093	2568	ินว่าความไม่แน่นอนนี้จะกดดันให้การค้าโลกในปี 2568 เติบโตลดลงเหลือเพียง 0.2% ส่งผลให้กระบวนการน
P0093	0.2%	ันให้การค้าโลกในปี 2568 เติบโตลดลงเหลือเพียง 0.2% ส่งผลให้กระบวนการนำเข้าวัตถุดิบและส่งออกสินค
P0093	2568	วามซับซ้อนและมีต้นทุนสูงขึ้น (ธนาคารกรุงไทย, 2568)
P0094	2569	ลิฟอร์เนีย สหรัฐอเมริกาด้วย (Vogue Thailand, 2569) นอกจากนี้ EU ยังได้เริ่มบังคับใช้มาตรการปรั
P0094	1	AM Certificate) อย่างเต็มรูปแบบตั้งแต่วันที่ 1 มกราคม 2569 เป็นต้นไป หากสินค้ามีการปล่อยคาร
P0094	2569	icate) อย่างเต็มรูปแบบตั้งแต่วันที่ 1 มกราคม 2569 เป็นต้นไป หากสินค้ามีการปล่อยคาร์บอนในกระบวน
P0094	2567	มาตรฐาน (สถาบันวิจัยเศรษฐกิจป๋วย อึ๊งภากรณ์, 2567)
P0095	3.1	3.1.2 การวิเคราะห์อุตสาหกรรม (Five Forces)
P0097	9.1%	ต่อปี ตลาดในประเทศถูกกดด้วยสินค้านำเข้าที่โต 9.1% ต่อปี และอุตสาหกรรมมีอัตราการใช้กำลังการผลิต
P0097	46.1%	 และอุตสาหกรรมมีอัตราการใช้กำลังการผลิตเพียง 46.1% ซึ่งเป็นภาวะกำลังผลิตส่วนเกิน การแข่งขันจึงล
P0101	40.12%	เสี่ยงทั้งหมด และ PG มีลูกค้ารายเดียวคิดเป็น 40.12% ของยอดขายรวม ความไม่สมดุลนี้เป็นสาเหตุโดยตรง
P0102	2568	ปี 2568 มีคู่ค้า 222 ราย ในประเทศ 77% ต่างประเทศ 23% ไม่มีรายใดเกิน 10% ของยอดจัดซื้อ พร้อมการ
P0102	222	ปี 2568 มีคู่ค้า 222 ราย ในประเทศ 77% ต่างประเทศ 23% ไม่มีรายใดเกิน 10% ของยอดจัดซื้อ พร้อมกา
P0102	77%	ปี 2568 มีคู่ค้า 222 ราย ในประเทศ 77% ต่างประเทศ 23% ไม่มีรายใดเกิน 10% ของยอดจัดซื้อ พร้อมกา
P0102	23%	568 มีคู่ค้า 222 ราย ในประเทศ 77% ต่างประเทศ 23% ไม่มีรายใดเกิน 10% ของยอดจัดซื้อ พร้อมการประ
P0102	10%	ย ในประเทศ 77% ต่างประเทศ 23% ไม่มีรายใดเกิน 10% ของยอดจัดซื้อ พร้อมการประเมินผู้ขายประจำปีแล
P0105	3.1	3.1.3 การวิเคราะห์คู่แข่งขันหลัก (Key Success Factor)
T01.R03.C01	1	1. ความหลากหลายของผลิตภัณฑ์
T01.R03.C02	0.10	0.10
T01.R03.C03	4	4
T01.R03.C04	0.40	0.40
T01.R03.C05	4	4
T01.R03.C06	0.40	0.40
T01.R04.C01	2	2. ช่องทางการจัดจำหน่ายและการเข้าถึงง่าย
T01.R04.C02	0.15	0.15
T01.R04.C03	3	3
T01.R04.C04	0.45	0.45
T01.R04.C05	5	5
T01.R04.C06	0.75	0.75
T01.R05.C01	3	3. การรับรู้แบรนด์และส่วนแบ่งตลาด (B2C)
T01.R05.C02	0.15	0.15
T01.R05.C03	3	3
T01.R05.C04	0.45	0.45
T01.R05.C05	5	5
T01.R05.C06	0.75	0.75
T01.R06.C01	4	4. ศักยภาพในตลาดองค์กร (B2B) และรับจ้างผลิต
T01.R06.C02	0.15	0.15
T01.R06.C03	5	5
T01.R06.C04	0.75	0.75
T01.R06.C05	3	3
T01.R06.C06	0.45	0.45
T01.R07.C01	5	5. เครือข่ายพันธมิตรทางธุรกิจ
T01.R07.C02	0.10	0.10
T01.R07.C03	5	5
T01.R07.C04	0.50	0.50
T01.R07.C05	4	4
T01.R07.C06	0.40	0.40
T01.R08.C01	6	6. นวัตกรรมที่นำมาใช้ในการผลิต
T01.R08.C02	0.15	0.15
T01.R08.C03	5	5
T01.R08.C04	0.75	0.75
T01.R08.C05	4	4
T01.R08.C06	0.60	0.60
T01.R09.C01	7	7. การส่งเสริมการตลาดและโปรโมชัน
T01.R09.C02	0.10	0.10
T01.R09.C03	3	3
T01.R09.C04	0.30	0.30
T01.R09.C05	5	5
T01.R09.C06	0.50	0.50
T01.R10.C01	8	8. นโยบายความยั่งยืน (ESG & Go Green)
T01.R10.C02	0.10	0.10
T01.R10.C03	5	5
T01.R10.C04	0.50	0.50
T01.R10.C05	3	3
T01.R10.C06	0.30	0.30
T01.R10.C07	5	 เช่น นวัตกรรม Upcycling, ฉลากประหยัดไฟเบอร์ 5 และมาตรฐาน GRS
T01.R11.C02	1.00	1.00
T01.R11.C04	4.10	4.10
T01.R11.C06	4.15	4.15
P0108	3.1	3.1.4 โอกาส (Opportunities) และ อุปสรรค (Threats)
P0121	3.1	3.1.5 บทสรุปการวิเคราะห์ปัจจัยภายนอก (EFAS)
T02.R03.C02	0.15	0.15
T02.R03.C03	5	5
T02.R03.C04	0.75	0.75
T02.R03.C05	5	ลาดต้องการสูง สอดรับมาตรฐาน GRS และฉลากเบอร์ 5 ของบริษัท
T02.R04.C02	0.10	0.10
T02.R04.C03	4	4
T02.R04.C04	0.40	0.40
T02.R05.C02	0.10	0.10
T02.R05.C03	4	4
T02.R05.C04	0.40	0.40
T02.R06.C02	0.10	0.10
T02.R06.C03	3	3
T02.R06.C04	0.30	0.30
T02.R08.C02	0.20	0.20
T02.R08.C03	4	4
T02.R08.C04	0.80	0.80
T02.R09.C02	0.10	0.10
T02.R09.C03	3	3
T02.R09.C04	0.30	0.30
T02.R10.C02	0.10	0.10
T02.R10.C03	2	2
T02.R10.C04	0.20	0.20
T02.R11.C02	0.05	0.05
T02.R11.C03	4	4
T02.R11.C04	0.20	0.20
T02.R11.C05	14001	้าโลกเข้มงวดขึ้น (แต่บริษัทรับมือได้ด้วย ISO 14001)
T02.R12.C02	0.10	0.10
T02.R12.C03	3	3
T02.R12.C04	0.30	0.30
T02.R13.C02	1.00	1.00
T02.R13.C04	3.65	3.65
P0122	3.65	ระชาอาภรณ์ จำกัด (มหาชน) มีผลคะแนนรวมอยู่ที่ 3.65 ซึ่งสูงกว่าค่าเฉลี่ย (3.00) จากค่าดังกล่าวแส
P0122	3.00	ผลคะแนนรวมอยู่ที่ 3.65 ซึ่งสูงกว่าค่าเฉลี่ย (3.00) จากค่าดังกล่าวแสดงให้เห็นว่า บริษัทฯ มีศักย
P0122	0.80	งจากต่างประเทศ" ซึ่งมี Weighted Score สูงถึง 0.80
P0124	3.2	3.2 การวิเคราะห์สภาพแวดล้อมภายใน
P0125	3.2	3.2.1 การวิเคราะห์ทรัพยากรภายในองค์กร
P0127	1	1) ที่ตั้ง
P0128	2523	มของประเทศไทยที่ดำเนินธุรกิจมาตั้งแต่ปี พ.ศ. 2523 มีสำนักงานใหญ่ตั้งอยู่ที่ถนนพระราม 3 กรุงเทพ
P0128	3	พ.ศ. 2523 มีสำนักงานใหญ่ตั้งอยู่ที่ถนนพระราม 3 กรุงเทพมหานคร และมีฐานการผลิตหลายแห่ง ได้แก่
P0130	2	2) มาตรฐานระดับสากล
P0131	9001	Quality Management System: ISO 9001 ปี 2561-2568: ได้รับการรับรองระบบคุณภาพ ISO 9001: 2015 จาก
P0131	2561	Quality Management System: ISO 9001 ปี 2561-2568: ได้รับการรับรองระบบคุณภาพ ISO 9001: 2015 จาก
P0131	9001	 ปี 2561-2568: ได้รับการรับรองระบบคุณภาพ ISO 9001: 2015 จากสถาบัน United Registrar of Systems 
P0131	2015	61-2568: ได้รับการรับรองระบบคุณภาพ ISO 9001: 2015 จากสถาบัน United Registrar of Systems (Thail
P0132	14001	Environmental Management System: ISO 14001 ปี 2561-2568: ได้รับการรับรองระบบจัดการด้านสิ่งแวดล้
P0132	2561	nvironmental Management System: ISO 14001 ปี 2561-2568: ได้รับการรับรองระบบจัดการด้านสิ่งแวดล้
P0132	14001	ได้รับการรับรองระบบจัดการด้านสิ่งแวดล้อม ISO 14001: 2015 สำหรับกระบวนการออกแบบและผลิตเสื้อผ้าบุ
P0132	2015	ารรับรองระบบจัดการด้านสิ่งแวดล้อม ISO 14001: 2015 สำหรับกระบวนการออกแบบและผลิตเสื้อผ้าบุรุษ เส
P0133	3	ry ได้รับการรับรองอุตสาหกรรมสีเขียว ระดับที่ 3 ระบบสีเขียว (Green System) จากกระทรวงอุตสาหก
P0135	5	ฉลากประหยัดไฟเบอร์ 5 "ผลิตภัณฑ์เสื้อผ้า" ปี 2561-2567: วางจำหน่ายผลิตภัณฑ์เสื้อผ้า ฉลากประห
P0135	2561	ฉลากประหยัดไฟเบอร์ 5 "ผลิตภัณฑ์เสื้อผ้า" ปี 2561-2567: วางจำหน่ายผลิตภัณฑ์เสื้อผ้า ฉลากประหยัด
P0135	5	งจำหน่ายผลิตภัณฑ์เสื้อผ้า ฉลากประหยัดไฟเบอร์ 5 ภายใต้แบรนด์ ARROW, BSC COOL และ PRIMO
P0136	2563	Global Recycled Standard ปี 2563-2567: ได้รับการรับรองมาตรฐานรีไซเคิลสากล (Global Recycled Sta
P0141	2523	ปี 2523: ได้รับลิขสิทธิ์เป็นผู้ผลิตสินค้า ARROW
P0142	2526	ปี 2526: ได้รับลิขสิทธิ์เป็นผู้ผลิตสินค้า Catalina
P0143	2528	ปี 2528: ได้รับลิขสิทธิ์เป็นผู้ผลิตสินค้า ARENA และ ชุดกีฬา LE COQ SPORTIF
P0144	2529	ปี 2529: ได้รับลิขสิทธิ์เป็นผู้ผลิต Mizuno ชุดกีฬา
P0145	2530	ปี 2530: ได้รับลิขสิทธิ์เป็นผู้ผลิต LACOSTE
P0146	2532	ปี 2532: ได้รับลิขสิทธิ์เป็นผู้ผลิต Fusen Usagi และ New Man
P0147	2541	ปี 2541: ได้รับลิขสิทธิ์เป็นผู้ผลิตชุดว่ายน้ำ ELLE
P0148	2542	ปี 2542: ได้รับลิขสิทธิ์เป็นผู้ผลิตชุดว่ายน้ำ bsc SWIMWEAR Streamline (Local Brand)
P0149	2557	ปี 2557: ได้รับลิขสิทธิ์เป็นผู้ผลิต Felix Buhler
P0150	2559	ปี 2559: ได้รับลิขสิทธิ์เป็นผู้ผลิต Le coq spoortif, Mizuno อีกครั้ง
P0155	2548	ปี 2548: สร้างเครื่องหมายการค้า PRIMO LINEA
P0156	2552	ปี 2552: สร้างเครื่องหมายการค้า PROUD และ 360
P0156	360	ปี 2552: สร้างเครื่องหมายการค้า PROUD และ 360
P0157	2553	ปี 2553: สร้างเครื่องหมายการค้า SWOOP
P0158	2559	ปี 2559: สร้างเครื่องหมายการค้า BERGANDY
P0161	2544	ัดการอย่างมีประสิทธิภาพ (SAP) มาใช้ตั้งแต่ปี 2544 เพื่อรองรับการประมวลผลและการจัดเก็บฐานข้อมูล
P0167	5	สิทธิในการใช้ "ฉลากประหยัดไฟเบอร์ 5" สำหรับผลิตภัณฑ์เสื้อผ้า
P0168	9001	ใบรับรองมาตรฐานระดับสากล เช่น ISO 9001 (ตั้งแต่ปี 2542), ISO 14001, มาตรฐานรีไซเคิลสากล (GRS) 
P0168	2542	รองมาตรฐานระดับสากล เช่น ISO 9001 (ตั้งแต่ปี 2542), ISO 14001, มาตรฐานรีไซเคิลสากล (GRS) และอุ
P0168	14001	ะดับสากล เช่น ISO 9001 (ตั้งแต่ปี 2542), ISO 14001, มาตรฐานรีไซเคิลสากล (GRS) และอุตสาหกรรมสีเข
P0168	3	ีไซเคิลสากล (GRS) และอุตสาหกรรมสีเขียว ระดับ 3
P0171	18	มพันธ์และสวัสดิการแรงงาน" ต่อเนื่องยาวนานถึง 18 ปี ถือเป็นสินทรัพย์ที่ไม่มีตัวตนที่ช่วยดึงดู
P0172	3.2	3.2.2 ความสามารถหลักขององค์กร
P0174	45	 Service & ODM/OEM) ด้วยประสบการณ์ยาวนานกว่า 45 ปีที่เชี่ยวชาญการผลิตตั้งแต่ต้นน้ำถึงปลายน้ำ
P0174	2.7	นชาย และชุดยูนิฟอร์ม ด้วยกำลังการผลิตรวมกว่า 2.7 ล้านตัวต่อปี นอกจากนี้ บริษัทยังมีศักยภาพสูง
P0174	9001	การได้รับการรับรองระบบบริหารจัดการคุณภาพ ISO 9001 อย่างต่อเนื่องตั้งแต่ปี 2542 ควบคู่ไปกับระบบ
P0174	2542	ัดการคุณภาพ ISO 9001 อย่างต่อเนื่องตั้งแต่ปี 2542 ควบคู่ไปกับระบบจัดการสิ่งแวดล้อม ISO 14001 ค
P0174	14001	ปี 2542 ควบคู่ไปกับระบบจัดการสิ่งแวดล้อม ISO 14001 ความสามารถที่โดดเด่น (Distinctive Competency
P0179	20.8	ถึงขั้นหยุดงาน (Zero Accident) ต่อเนื่องกว่า 20.8 ล้านชั่วโมงการทำงาน และรางวัลสถานประกอบกิจกา
P0179	11	วัลสถานประกอบกิจการต้นแบบดีเด่นระดับแพลทินัม 11 ปีซ้อน ซึ่งเป็นเครื่องยืนยันถึงมาตรฐานการปฏิ
P0180	3.2	3.2.3 ความได้เปรียบทางการแข่งขันขององค์กร
P0184	5	ๆ อาทิ เสื้อ Cool Mode / เสื้อประหยัดไฟเบอร์ 5 และเสื้อ Recycle เพื่อสนับสนุนกลยุทธ์การดำเน
P0189	3	งแวดล้อม (Eco-friendly) โดยสามารถแบ่งออกเป็น 3 ด้านหลัก ดังนี้
P0196	25	เหงื่อได้ดี ทำให้ผู้สวมใส่ในอาคารที่อุณหภูมิ 25 องศา ไม่รู้สึกอึดอัด รวมถึงการพัฒนาผลิตภัณฑ์
P0196	5	 รวมถึงการพัฒนาผลิตภัณฑ์ "ฉลากประหยัดไฟเบอร์ 5" ที่เน้นคุณสมบัติสวมใส่สบายและไม่ต้องรีด
P0198	2568	การพัฒนาร่วมกับแบรนด์ชั้นนำ: ในปี 2568 บริษัทได้ร่วมพัฒนารูปแบบและวัตถุดิบสำหรับแบรนด์ "ARROW"
P0201	14001	รผลิตที่เป็นมิตรต่อสิ่งแวดล้อมตามมาตรฐาน ISO 14001 ควบคู่ไปกับการลงทุนใช้พลังงานสะอาด (โซล่าเซล
P0207	45	ce & OEM/ODM): มีประสบการณ์ความเชี่ยวชาญกว่า 45 ปี ครอบคลุมตั้งแต่การร่วมออกแบบ (Co-design) 
P0208	5	นรายแรกของไทย และผลิตภัณฑ์ฉลากประหยัดไฟเบอร์ 5
P0210	9001	บรองมาตรฐานสากลด้านคุณภาพและสิ่งแวดล้อม (ISO 9001, ISO 14001, GRS) รวมถึงได้รับรางวัลสถานประกอ
P0210	14001	นสากลด้านคุณภาพและสิ่งแวดล้อม (ISO 9001, ISO 14001, GRS) รวมถึงได้รับรางวัลสถานประกอบกิจการดีเด
P0210	18	แรงงานสัมพันธ์และสวัสดิการแรงงานต่อเนื่องถึง 18 ปี ช่วยลดความเสี่ยงด้านข้อพิพาทแรงงาน
P0212	56.13%	(ICC) เป็นผู้จัดจำหน่ายหลักในประเทศ (คิดเป็น 56.13% ของยอดขายในประเทศ และ 40.12% ของยอดขายรวม) ห
P0212	40.12%	ประเทศ (คิดเป็น 56.13% ของยอดขายในประเทศ และ 40.12% ของยอดขายรวม) หากลูกค้าหลักชะลอคำสั่งซื้อจะส
P0214	1.99	ัดการของบริษัทมีอัตราการหมุนเวียนสินค้าเพียง 1.99 เท่า และใช้ระยะเวลาขายสินค้าเฉลี่ยถึง 184 วั
P0214	184	ง 1.99 เท่า และใช้ระยะเวลาขายสินค้าเฉลี่ยถึง 184 วัน ความล่าช้าในการระบายสินค้านี้ทำให้บริษัท
T03.R03.C02	0.15	0.15
T03.R03.C03	5	5
T03.R03.C04	0.75	0.75
T03.R03.C05	45	ประสบการณ์ 45 ปี รองรับผลิตให้แบรนด์ชั้นนำได้ครบตั้งแต่ต้นจนจบ
T03.R04.C02	0.15	0.15
T03.R04.C03	5	5
T03.R04.C04	0.75	0.75
T03.R04.C05	5	 (Upcycling, SORONA) และฉลาก COOL MODE/เบอร์ 5
T03.R05.C02	0.10	0.10
T03.R05.C03	4	4
T03.R05.C04	0.40	0.40
T03.R06.C02	0.10	0.10
T03.R06.C03	4	4
T03.R06.C04	0.40	0.40
T03.R06.C05	18	 ISO, GRS และรางวัลแรงงานสัมพันธ์ระดับประเทศ 18 ปีซ้อน
T03.R08.C02	0.10	0.10
T03.R08.C03	2	2
T03.R08.C04	0.20	0.20
T03.R08.C05	40.12%	ยอดขายรวมพึ่งพา ICC ถึง 40.12% มีความเสี่ยงหากคำสั่งซื้อชะลอตัว
T03.R09.C02	0.15	0.15
T03.R09.C03	1	1
T03.R09.C04	0.15	0.15
T03.R10.C02	0.10	0.10
T03.R10.C03	1	1
T03.R10.C04	0.10	0.10
T03.R10.C05	1.99	ระบายของช้า (หมุนเวียน 1.99 เท่า/ขาย 184 วัน) เสี่ยงค้างสต็อกและต้นทุนจม
T03.R10.C05	184	ระบายของช้า (หมุนเวียน 1.99 เท่า/ขาย 184 วัน) เสี่ยงค้างสต็อกและต้นทุนจม
T03.R11.C02	0.15	0.15
T03.R11.C03	2	2
T03.R11.C04	0.30	0.30
T03.R12.C02	1.00	1.00
T03.R12.C04	3.05	3.05
P0219	3.05	rix จะเห็นได้ว่า ทางบริษัทฯ มีผลคะแนนอยู่ที่ 3.05 ซึ่งมากกว่าค่าเฉลี่ย (3.00) แสดงให้เห็นว่าบร
P0219	3.00	 มีผลคะแนนอยู่ที่ 3.05 ซึ่งมากกว่าค่าเฉลี่ย (3.00) แสดงให้เห็นว่าบริษัทฯ มีศักยภาพภายในที่แข็ง
P0219	0.30	ายใหญ่น้อยราย" ซึ่งมี Weighted score อยู่ที่ 0.30 และ 0.20 ตามลำดับ
P0219	0.20	ยราย" ซึ่งมี Weighted score อยู่ที่ 0.30 และ 0.20 ตามลำดับ
P0220	4	4. การวิเคราะห์ปัจจัยเชิงกลยุทธ์
P0221	4.1	4.1 บทสรุปการวิเคราะห์ปัจจัยเชิงกล (SFAS)
T04.R03.C02	0.15	0.15
T04.R03.C03	5	5
T04.R03.C04	0.75	0.75
T04.R04.C02	0.05	0.05
T04.R04.C03	5	5
T04.R04.C04	0.25	0.25
T04.R05.C02	0.10	0.10
T04.R05.C03	4	4
T04.R05.C04	0.40	0.40
T04.R06.C02	0.05	0.05
T04.R06.C03	1	1
T04.R06.C04	0.05	0.05
T04.R07.C02	0.15	0.15
T04.R07.C03	1	1
T04.R07.C04	0.15	0.15
T04.R08.C02	0.10	0.10
T04.R08.C03	2	2
T04.R08.C04	0.20	0.20
T04.R09.C02	0.05	0.05
T04.R09.C03	3	3
T04.R09.C04	0.15	0.15
T04.R10.C02	0.15	0.15
T04.R10.C03	5	5
T04.R10.C04	0.75	0.75
T04.R11.C02	0.05	0.05
T04.R11.C03	3	3
T04.R11.C04	0.15	0.15
T04.R12.C02	0.10	0.10
T04.R12.C03	2	2
T04.R12.C04	0.20	0.20
T04.R13.C02	0.05	0.05
T04.R13.C03	3	3
T04.R13.C04	0.15	0.15
T04.R14.C02	1.0	1.0
T04.R14.C04	3.20	3.20
P0223	3.20	 จะเห็นได้ว่า ทางบริษัทฯ มีผลคะแนนรวมอยู่ที่ 3.20 ซึ่งมากกว่าค่าเฉลี่ย (3.00) แสดงให้เห็นว่าบร
P0223	3.00	ผลคะแนนรวมอยู่ที่ 3.20 ซึ่งมากกว่าค่าเฉลี่ย (3.00) แสดงให้เห็นว่าบริษัทฯ มีศักยภาพในการตอบสนอง
P0223	0.20	 Fast Fashion" ซึ่งมี Weighted score อยู่ที่ 0.20 และ 0.20 ตามลำดับ
P0223	0.20	hion" ซึ่งมี Weighted score อยู่ที่ 0.20 และ 0.20 ตามลำดับ
P0225	4.2	4.2 TOWS Matrix
P0228	4.3	4.3 ทบทวนวิสัยทัศน์ พันธกิจ และวัตถุประสงค์
P0230	4.4	4.4 ทางเลือกเชิงกลยุทธ์ที่นำเสนอ (Strategic Alternatives Recommended Strategies)
P0231	4.4	4.4.1 กลยุทธ์ระดับองค์กร (Corporate Strategy)
P0233	4.4	4.4.2 กลยุทธ์ระดับธุรกิจ (Business Strategy)
P0234	5	ิเศษ เช่น ฉลาก COOL MODE, ฉลากประหยัดไฟเบอร์ 5 และมาตรฐานระดับสากล (GRS) การเลือกกลยุทธ์นี้
P0236	5	่ม (Concentric Diversification) ตลอดระยะเวลา 5 ปี (พ.ศ. 2570 – 2574) เพื่อขยายฐานรายได้สู่อ
P0236	2570	ric Diversification) ตลอดระยะเวลา 5 ปี (พ.ศ. 2570 – 2574) เพื่อขยายฐานรายได้สู่อุตสาหกรรมที่เก
P0236	2574	ersification) ตลอดระยะเวลา 5 ปี (พ.ศ. 2570 – 2574) เพื่อขยายฐานรายได้สู่อุตสาหกรรมที่เกี่ยวเนื
P0237	2570	แผนปี 2570
P0243	2571	แผนปี 2571
P0249	2572	แผนปี 2572
P0255	2573	แผนปี 2573
P0262	2574	แผนปี 2574
P0270	5	5.การนำกลยุทธ์ไปใช้ แผนปฏิบัติการ และการควบคุมประเมินผล (เป็นไปได้อย่าขยับมันนะ มันจะเบี้ยว
P0270	20	ล (เป็นไปได้อย่าขยับมันนะ มันจะเบี้ยวเพราะไอ 20 ช่องตรงกลาง แต่ถ้าอยากขยับให้สวย ไว้เดี๋ยวกุ
P0271	5.1	5.1 แผนการปฎิบัติการ (Action Plan)
T06.R03.C04	1	1
T06.R03.C05	2	2
T06.R03.C06	3	3
T06.R03.C07	4	4
T06.R03.C08	1	1
T06.R03.C09	2	2
T06.R03.C10	3	3
T06.R03.C11	4	4
T06.R03.C12	1	1
T06.R03.C13	2	2
T06.R03.C14	3	3
T06.R03.C15	4	4
T06.R03.C16	1	1
T06.R03.C17	2	2
T06.R03.C18	3	3
T06.R03.C19	4	4
T06.R03.C20	1	1
T06.R03.C21	2	2
T06.R03.C22	3	3
T06.R03.C23	4	4
P0276	6	6.ประมาณการผลการดำเนินงาน (งบกำไรขาดทุน,.งบแสดงสถานะทางการเงิน)
T07.R02.C02	2570	2570
T07.R02.C03	2571	2571
T07.R02.C04	2572	2572
T07.R02.C05	2573	2573
T07.R02.C06	2574	2574
T08.R02.C02	2570	2570
T08.R02.C03	2571	2571
T08.R02.C04	2572	2572
T08.R02.C05	2573	2573
T08.R02.C06	2574	2574
P0311	80%	https://www.pg.co.th/%e0%b9%80%e0%b8%81%e0%b8%b5%e0%b9%88%e0%b8%a2%e0%b8%a7%e0%b8%81%e0%b8%b1
P0311	81%	https://www.pg.co.th/%e0%b9%80%e0%b8%81%e0%b8%b5%e0%b9%88%e0%b8%a2%e0%b8%a7%e0%b8%81%e0%b8%b1
P0311	88%	w.pg.co.th/%e0%b9%80%e0%b8%81%e0%b8%b5%e0%b9%88%e0%b8%a2%e0%b8%a7%e0%b8%81%e0%b8%b1%e0%b8%9a%
P0311	81%	81%e0%b8%b5%e0%b9%88%e0%b8%a2%e0%b8%a7%e0%b8%81%e0%b8%b1%e0%b8%9a%e0%b9%80%e0%b8%a3%e0%b8%b2/
P0311	9	88%e0%b8%a2%e0%b8%a7%e0%b8%81%e0%b8%b1%e0%b8%9a%e0%b9%80%e0%b8%a3%e0%b8%b2/ สรุปพฤติกรรมผู้
P0311	80%	a2%e0%b8%a7%e0%b8%81%e0%b8%b1%e0%b8%9a%e0%b9%80%e0%b8%a3%e0%b8%b2/ สรุปพฤติกรรมผู้บริโภคไทย ป
P0311	69	%b8%a3%e0%b8%b2/ สรุปพฤติกรรมผู้บริโภคไทย ปี 69 เข้าสู่ยุค “SmartSumer” เลิกซื้อตามอารมณ์-ใช
P0313	2026	bric innovations: The future of textiles for 2026
P0315	2569	าหกรรมเสื้อผ้าสำเร็จรูปไทย และความท้าทายในปี 2569
P0319	2569	SET.(2569) https://www.set.or.th/th/market/product/stock/quote/pg/factsheet
P0320	2025	People’s Garment, *2025 One Report https://investor.pg.co.th/wp-content/uploads/2026/04/2568-O
P0320	2026	https://investor.pg.co.th/wp-content/uploads/2026/04/2568-One-report-%E0%B9%84%E0%B8%97%E0%B8%
P0320	04	://investor.pg.co.th/wp-content/uploads/2026/04/2568-One-report-%E0%B9%84%E0%B8%97%E0%B8%A2-
P0320	2568	investor.pg.co.th/wp-content/uploads/2026/04/2568-One-report-%E0%B9%84%E0%B8%97%E0%B8%A2-web.p
P0320	84%	ntent/uploads/2026/04/2568-One-report-%E0%B9%84%E0%B8%97%E0%B8%A2-web.pdf
P0320	97%	oads/2026/04/2568-One-report-%E0%B9%84%E0%B8%97%E0%B8%A2-web.pdf
P0321	2568	บริษัท ซาบีน่า จำกัด (มหาชน). (2568). รายงานประจำปี / แบบ 56-1 One Report.
P0321	56	า จำกัด (มหาชน). (2568). รายงานประจำปี / แบบ 56-1 One Report.
P0322	188007	s://investor.sabina.co.th/th/document/viewer/188007/56-1-one-report-2025
P0322	56	estor.sabina.co.th/th/document/viewer/188007/56-1-one-report-2025
P0323	2568	 : บริษัท ซาบีน่า จำกัด (มหาชน). Liberator. (2568).
P0325	2024	มาตรการ CBAM https://www.pier.or.th/abridged/2024/13/
P0325	13	าร CBAM https://www.pier.or.th/abridged/2024/13/
P0326	2372	hai.com/th/financial-partner/learn-financial/2372
P0330	1	1. ตัวสำคัญสุด — EU Forced Labour Regulation
P0331	2024	Regulation (EU) 2024/3015 — Forced Labour Regulation
P0331	3015	Regulation (EU) 2024/3015 — Forced Labour Regulation
P0332	2	2. ESPR + Digital Product Passport
P0334	2024	Regulation (EU) 2024/1781 — Ecodesign for Sustainable Products Regulation (ESPR)
P0334	1781	Regulation (EU) 2024/1781 — Ecodesign for Sustainable Products Regulation (ESPR)
P0335	3	3. EU Textile Labelling Regulation
P0336	1007	Regulation (EU) No 1007/2011
P0336	2011	Regulation (EU) No 1007/2011
